{
  "x0": -0.020863433448957434,
  "y0": -0.017515958900144193,
  "L": 1026.1917465446645,
  "tau0": 3115.7567835907457
}