{
  "x0": -0.093119253861738888,
  "y0": 0.062689858095406781,
  "L": 998.89684344316845,
  "tau0": 1012.669578732999
}