{
  "x0": -0.0035945406760974612,
  "y0": -0.20644679511433925,
  "L": 1125.441735494906,
  "tau0": 3188.7536007206004
}