{
  "x0": 0.015580631338729922,
  "y0": 0.021514929491251861,
  "L": 914.94555617514675,
  "tau0": 3081.2643763693964
}