{
  "x0": 0.16040334278049012,
  "y0": 0.22738919316040646,
  "L": 1210.7660242464215,
  "tau0": 3193.5748173443494
}